ID,City Name,Country,Date,MaxTemp,Humidity,lat,lng,Cloudiness,Wind_Speed,Formatted Date
5924351,Clyde River,CA,1595731143,39.2,93,70.47,-68.59,75,6.93,2020-07-25
1649150,Bengkulu,ID,1595731146,82.74,70,-3.8,102.27,4,7.76,2020-07-25
2620871,Hals,DK,1595731146,61,94,57,10.31,100,3,2020-07-25
470905,Vuktyl,RU,1595731146,65.1,61,63.86,57.31,57,1.81,2020-07-25
3873145,Río Bueno,CL,1595731146,46.4,100,-40.32,-72.97,100,5.82,2020-07-25
2120591,Tilichiki,RU,1595731146,72.66,52,60.47,166.1,0,5.35,2020-07-25
5106841,Albany,US,1595731112,77,86,42.6,-73.97,2,4.38,2020-07-25
2017155,Saskylakh,RU,1595731146,35.24,94,71.92,114.08,100,23.33,2020-07-25
2110227,Butaritari,KI,1595731146,83.34,76,3.07,172.79,12,15.43,2020-07-25
3361934,Saldanha,ZA,1595731147,58.82,80,-33.01,17.94,45,12.86,2020-07-25
3466704,Castro,BR,1595730927,54.43,89,-24.79,-50.01,99,3.18,2020-07-25
4030556,Rikitea,PF,1595731147,70.45,81,-23.12,-134.97,18,20.85,2020-07-25
2276492,Harper,LR,1595731147,75.58,76,4.38,-7.72,74,7.85,2020-07-25
2015306,Tiksi,RU,1595731147,39.43,96,71.69,128.87,100,8.19,2020-07-25
3374210,São Filipe,CV,1595731147,78.33,89,14.9,-24.5,99,5.91,2020-07-25
3897334,Calbuco,CL,1595731147,46.4,100,-41.77,-73.13,75,3.36,2020-07-25
3394023,Natal,BR,1595731147,73.4,94,-5.79,-35.21,75,6.93,2020-07-25
1267635,Karwar,IN,1595731147,79.72,84,14.8,74.13,56,8.93,2020-07-25
1267390,Kavaratti,IN,1595731148,81.79,78,10.57,72.64,100,16.08,2020-07-25
6201424,Mataura,NZ,1595731148,53.01,67,-46.19,168.86,28,5.95,2020-07-25
4034551,Faanui,PF,1595731148,78.22,79,-16.48,-151.75,22,15.68,2020-07-25
3652764,Puerto Ayora,EC,1595731145,66.99,93,-0.74,-90.35,99,1.01,2020-07-25
653272,Kemijärvi,FI,1595731148,54.48,82,66.71,27.43,88,7.43,2020-07-25
1106677,Bambous Virieux,MU,1595731148,70,60,-20.34,57.76,75,13.87,2020-07-25
4833425,East Haven,US,1595731015,79,68,41.28,-72.87,59,3,2020-07-25
3833367,Ushuaia,AR,1595730884,30.2,92,-54.8,-68.3,40,19.46,2020-07-25
1214488,Meulaboh,ID,1595731149,83.55,70,4.14,96.13,18,2.06,2020-07-25
2075265,Busselton,AU,1595731149,57,90,-33.65,115.33,0,8.61,2020-07-25
3347019,Mossamedes,AO,1595731149,66.24,82,-15.2,12.15,8,6.64,2020-07-25
3397967,Itaituba,BR,1595731149,81.1,52,-4.28,-55.98,97,1.28,2020-07-25
4032243,Vaini,TO,1595731149,75.2,69,-21.2,-175.2,40,10.29,2020-07-25
5110092,Brewster,US,1595731149,78.8,74,41.4,-73.62,1,4.7,2020-07-25
1862505,Hirara,JP,1595731149,89.6,70,24.8,125.28,40,10.29,2020-07-25
1254046,Tura,IN,1595731150,84.42,79,25.52,90.22,56,2.24,2020-07-25
5848280,Kapaa,US,1595731150,82.4,74,22.08,-159.32,75,21.92,2020-07-25
3843123,Neuquén,AR,1595731150,48.2,57,-38.95,-68.06,98,9.17,2020-07-25
3440777,Rocha,UY,1595731150,41.02,76,-34.48,-54.33,23,7.38,2020-07-25
3421193,Paamiut,GL,1595731150,44.92,88,61.99,-49.67,15,3.36,2020-07-25
3443061,Chui,UY,1595731150,42.4,82,-33.7,-53.46,0,8.05,2020-07-25
2030065,Mandalgovi,MN,1595731150,66,65,45.76,106.27,54,20.94,2020-07-25
1282256,Hithadhoo,MV,1595731150,82.87,67,-0.6,73.08,100,5.06,2020-07-25
371745,Kutum,SD,1595731150,76.06,64,14.2,24.67,15,14.43,2020-07-25
6165406,Thompson,CA,1595731151,69.8,77,55.74,-97.86,75,3.36,2020-07-25
3421319,Nuuk,GL,1595731151,46.4,87,64.18,-51.72,100,6.93,2020-07-25
1047660,Cuamba,MZ,1595731151,56.57,89,-14.8,36.54,7,5.08,2020-07-25
3372964,Lagoa,PT,1595731151,71.31,88,39.05,-27.98,0,17.65,2020-07-25
6185377,Yellowknife,CA,1595731151,71.6,35,62.46,-114.35,20,8.05,2020-07-25
5282297,Bethel,US,1595731098,78.8,74,41.37,-73.41,1,4.7,2020-07-25
3894426,Coyhaique,CL,1595731151,37.4,93,-45.58,-72.07,40,3.36,2020-07-25
1214026,Sabang,ID,1595731151,82.09,75,5.89,95.32,96,8.88,2020-07-25
3146487,Raudeberg,NO,1595731152,59,82,61.99,5.14,99,6.93,2020-07-25
1805844,Jieshou,CN,1595731152,73.44,97,33.26,115.36,100,4.61,2020-07-25
4035715,Avarua,CK,1595731152,73.4,73,-21.21,-159.78,100,5.82,2020-07-25
1516048,Khovd,MN,1595731152,70.12,36,48.01,91.64,3,3.11,2020-07-25
1706466,Ligayan,PH,1595731152,85.01,64,4.65,119.47,57,4.25,2020-07-25
2308278,Mbini,GQ,1595731152,75.36,86,1.57,9.61,98,9.1,2020-07-25
2070998,Geraldton,AU,1595731152,62.6,82,-28.77,114.6,0,11.41,2020-07-25
543899,Kostomuksha,RU,1595731152,55.17,89,64.57,30.58,100,9.06,2020-07-25
3366880,Hermanus,ZA,1595731152,55,89,-34.42,19.23,68,1.99,2020-07-25
5122534,Jamestown,US,1595731153,69.8,73,42.1,-79.24,1,0.94,2020-07-25
3984997,San Quintín,MX,1595731153,66.99,79,30.48,-115.95,0,10.36,2020-07-25
3101943,Bytów,PL,1595731153,57.2,93,54.17,17.49,82,5.82,2020-07-25
1337605,Mahibadhoo,MV,1595731153,82.65,68,3.78,72.97,100,4.41,2020-07-25
2121385,Severo-Kuril'sk,RU,1595731153,54.01,77,50.68,156.12,100,12.46,2020-07-25
2155415,New Norfolk,AU,1595731153,53.01,63,-42.78,147.06,0,4,2020-07-25
2755249,Province of Groningen,NL,1595731153,63,100,53.25,6.75,75,10.29,2020-07-25
3874787,Punta Arenas,CL,1595730901,24.8,85,-53.15,-70.92,48,10.29,2020-07-25
3450083,Santa Maria,BR,1595731154,48.2,76,-29.68,-53.81,0,3.36,2020-07-25
1863997,Fukuechō,JP,1595731154,78.8,88,32.69,128.84,75,9.17,2020-07-25
358620,Safaga,EG,1595731154,84.2,42,26.73,33.94,18,11.41,2020-07-25
6167817,Torbay,CA,1595730914,59,87,47.67,-52.73,40,6.93,2020-07-25
2206939,Bluff,NZ,1595731154,51.64,77,-46.6,168.33,58,20.22,2020-07-25
2128975,Nemuro,JP,1595731154,59,93,43.32,145.57,75,5.82,2020-07-25
964432,Port Alfred,ZA,1595731154,61.29,55,-33.59,26.89,0,13.65,2020-07-25
115781,Shahr-e Bābak,IR,1595731154,79.88,16,30.12,55.12,0,5.12,2020-07-25
4160021,Jacksonville,US,1595731111,82.4,74,30.33,-81.66,20,5.82,2020-07-25
1624041,Ternate,ID,1595731155,80.98,74,0.8,127.4,96,6.6,2020-07-25
1142263,Farah,AF,1595731155,85.15,19,32.5,62.5,0,4.81,2020-07-25
2138103,Thio,NC,1595731155,82.4,51,-21.62,166.22,20,9.17,2020-07-25
3163146,Andenes,NO,1595731155,55.4,82,69.31,16.12,66,6.93,2020-07-25
2444995,Filingué,NE,1595731155,81.88,67,14.35,3.32,2,13.13,2020-07-25
2126123,Chokurdakh,RU,1595731155,91.83,23,70.63,147.92,8,16.53,2020-07-25
5364271,Laguna,US,1595730862,89.6,21,38.42,-121.42,1,9.17,2020-07-25
1819729,Hong Kong,HK,1595730978,91,63,22.29,114.16,47,13,2020-07-25
934479,Grand Gaube,MU,1595731155,70,62,-20.01,57.66,86,11.01,2020-07-25
4036284,Alofi,NU,1595731156,77,69,-19.06,-169.92,99,14.99,2020-07-25
3870243,Taltal,CL,1595731156,58.28,57,-25.4,-70.48,30,4.29,2020-07-25
3520994,Puerto Escondido,MX,1595730937,81.23,73,15.85,-97.07,100,2.42,2020-07-25
5972291,Havre-St-Pierre,CA,1595731156,55.4,100,50.23,-63.6,90,2.24,2020-07-25
6255012,Flinders,AU,1595731156,60.01,93,-34.58,150.86,100,1.01,2020-07-25
2729907,Longyearbyen,SJ,1595731156,59,82,78.22,15.64,2,8.05,2020-07-25
3985710,Cabo San Lucas,MX,1595731156,86,73,22.89,-109.91,5,16.11,2020-07-25
2268339,Faro,PT,1595730965,84.2,18,37.02,-7.93,0,5.82,2020-07-25
3354071,Oranjemund,NA,1595731156,56.46,91,-28.55,16.43,0,11.83,2020-07-25
5880054,Barrow,US,1595731157,41,80,71.29,-156.79,90,6.93,2020-07-25
5847411,Kahului,US,1595731046,87.8,48,20.89,-156.47,40,24.16,2020-07-25
933277,Mosetse,BW,1595731157,46.85,83,-20.75,26.65,0,11.07,2020-07-25
3372707,Ribeira Grande,PT,1595731157,71.6,86,38.52,-28.7,11,13.56,2020-07-25
1502073,Krasnosel'kup,RU,1595731157,61.45,50,65.7,82.47,61,15.26,2020-07-25
2136825,Isangel,VU,1595731157,84.2,66,-19.55,169.27,40,8.05,2020-07-25
3532656,Asunción Nochixtlán,MX,1595731157,59.79,84,17.47,-97.23,100,2.68,2020-07-25
2434979,Bol,TD,1595731158,82.87,63,13.46,14.71,47,10.02,2020-07-25
5855927,Hilo,US,1595731158,84.2,62,19.73,-155.09,90,11.41,2020-07-25
2074865,Carnarvon,AU,1595731158,75.2,25,-24.87,113.63,0,11.41,2020-07-25
2022572,Khatanga,RU,1595731158,41.45,78,71.97,102.5,100,13.87,2020-07-25
1490140,Tara,RU,1595731158,61.66,74,56.89,74.37,77,7.92,2020-07-25
2318123,Yenagoa,NG,1595731158,74.25,93,4.92,6.26,100,2.77,2020-07-25
5587385,Burley,US,1595730966,82.4,34,42.54,-113.79,1,7.67,2020-07-25
6620339,Karratha,AU,1595731158,75.33,23,-20.74,116.85,99,22.12,2020-07-25
6071496,Meaford,CA,1595731158,73,63,44.6,-80.58,98,1.01,2020-07-25
2028164,Deputatsky,RU,1595731159,81.57,29,69.3,139.9,26,19.91,2020-07-25
5850554,Makakilo City,US,1595731159,86,58,21.35,-158.09,75,8.05,2020-07-25
935215,Saint-Philippe,RE,1595731159,68,63,-21.36,55.77,20,8.05,2020-07-25
1648186,Bontang,ID,1595731159,81.16,83,0.13,117.5,61,7.85,2020-07-25
4012344,Cuencamé de Ceniceros,MX,1595731159,77.65,46,24.87,-103.7,81,12.73,2020-07-25
3448903,São João da Barra,BR,1595731159,70.92,88,-21.64,-41.05,0,11.27,2020-07-25
3936456,Lima,PE,1595730970,60.8,82,-12.04,-77.03,90,5.82,2020-07-25
2027740,Amurzet,RU,1595731160,78.4,71,47.7,131.1,93,4.41,2020-07-25
2013279,Vostok,RU,1595731160,80.62,48,46.49,135.88,49,0.54,2020-07-25
1259385,Port Blair,IN,1595731025,85.21,70,11.67,92.75,65,4.63,2020-07-25
3899695,Ancud,CL,1595731160,48.99,100,-41.87,-73.82,75,3.36,2020-07-25
333795,Jijiga,ET,1595731160,62.01,72,9.35,42.8,76,19.95,2020-07-25
2018069,Peleduy,RU,1595731160,72.93,38,59.63,112.74,30,5.59,2020-07-25
2181625,Te Anau,NZ,1595731160,50.81,67,-45.42,167.72,90,5.28,2020-07-25
3883457,Lebu,CL,1595731161,52.83,96,-37.62,-73.65,100,20.11,2020-07-25
2641598,Newport,GB,1595731161,57,94,51.59,-3,0,11.99,2020-07-25
2033196,Zhangjiakou,CN,1595731143,75.04,55,40.81,114.88,33,12.37,2020-07-25
777019,Vardø,NO,1595731161,58.03,69,70.37,31.11,0,7.36,2020-07-25
57000,Hobyo,SO,1595731161,76.84,74,5.35,48.53,51,17.76,2020-07-25
610864,Khani,GE,1595731161,69.8,88,41.96,42.96,75,3.36,2020-07-25
6324729,Halifax,CA,1595731067,66.99,93,44.65,-63.57,20,3.36,2020-07-25
5866583,Saint Paul Harbor,US,1595731161,53.6,93,57.79,-152.41,90,10.29,2020-07-25
3347353,Menongue,AO,1595731161,44.31,61,-14.66,17.69,0,3.69,2020-07-25
359792,Aswān,EG,1595731161,85.68,21,24.09,32.91,25,10.25,2020-07-25
1283285,Jumla,NP,1595731162,69.84,59,29.27,82.18,51,3.29,2020-07-25
2180815,Tuatapere,NZ,1595731162,53.58,66,-46.13,167.68,21,7.36,2020-07-25
4033557,Tautira,PF,1595731162,82.4,65,-17.73,-149.15,20,5.82,2020-07-25
2429344,Kyabé,TD,1595731162,70.2,90,9.45,18.94,100,1.83,2020-07-25
5367788,Lompoc,US,1595731052,64,77,34.64,-120.46,0,12.75,2020-07-25
1788046,Xuchang,CN,1595731162,71.6,94,34.02,113.82,90,2.24,2020-07-25
1640344,Kendari,ID,1595731162,83.71,62,-3.94,122.5,29,3.27,2020-07-25
1790437,Zhuhai,CN,1595731162,98.01,70,22.28,113.57,20,12.75,2020-07-25
1736660,Kota Belud,MY,1595731163,84.2,79,6.35,116.43,20,3.36,2020-07-25
3430545,Morón,AR,1595730970,50,68,-34.65,-58.62,0,1.99,2020-07-25
934322,Mahébourg,MU,1595731163,69.8,60,-20.41,57.7,75,13.87,2020-07-25
175499,Nchelenge,ZM,1595731163,55.69,79,-9.35,28.73,16,7.81,2020-07-25
1015776,Bredasdorp,ZA,1595731163,57.2,87,-34.53,20.04,98,11.41,2020-07-25
6170031,Tuktoyaktuk,CA,1595731163,50,87,69.45,-133.04,90,4.7,2020-07-25
3407762,Amapá,BR,1595731163,70.99,97,1,-52,3,1.1,2020-07-25
1490256,Talnakh,RU,1595731163,53.6,66,69.49,88.4,0,26.84,2020-07-25
5922281,Chute-aux-Outardes,CA,1595731164,62.6,93,49.12,-68.4,90,9.17,2020-07-25
2209055,Waddān,LY,1595731164,69.62,53,29.16,16.14,0,0.18,2020-07-25
2136697,Lakatoro,VU,1595731164,80.6,74,-16.1,167.42,90,12.75,2020-07-25
2208248,Kaitangata,NZ,1595731164,55,54,-46.28,169.85,32,15.99,2020-07-25
2122104,Petropavlovsk-Kamchatskiy,RU,1595731164,73.4,56,53.05,158.65,100,6.71,2020-07-25
1701054,Marawi,PH,1595731164,84,80,8,124.29,23,5.01,2020-07-25
3521108,Progreso,MX,1595731164,81,74,21.28,-89.67,40,11.41,2020-07-25
597440,Linkuva,LT,1595731164,51.8,93,56.09,23.97,64,2.24,2020-07-25
3571913,Marsh Harbour,BS,1595731164,81.07,72,26.54,-77.06,99,15.3,2020-07-25
6088469,Nipawin,CA,1595731165,60.8,77,53.37,-104,40,17.22,2020-07-25
5746545,Portland,US,1595731028,79,49,45.52,-122.68,0,1.99,2020-07-25
2137773,Vao,NC,1595731165,70.61,82,-22.67,167.48,22,21.18,2020-07-25
964420,Port Elizabeth,ZA,1595731165,59,87,-33.92,25.57,0,17.22,2020-07-25
2112802,Hasaki,JP,1595731145,88,84,35.73,140.83,75,9.17,2020-07-25
2122090,Pevek,RU,1595731165,49.03,86,69.7,170.31,53,1.88,2020-07-25
5463237,Corrales,US,1595731165,70,83,35.24,-106.61,80,1.01,2020-07-25
1486321,Yar-Sale,RU,1595731165,58.86,75,66.83,70.83,4,11.9,2020-07-25
3369157,Cape Town,ZA,1595730883,57.99,93,-33.93,18.42,75,2.24,2020-07-25
3369174,Calvinia,ZA,1595731165,46.27,55,-31.47,19.78,0,3.49,2020-07-25
4142290,Dover,US,1595730903,78.8,83,39.16,-75.52,1,9.17,2020-07-25
2163355,Hobart,AU,1595731003,55.99,57,-42.88,147.33,20,4.7,2020-07-25
2071860,Esperance,AU,1595731166,59,82,-33.87,121.9,75,12.75,2020-07-25
3398856,Grajaú,BR,1595731166,73.2,56,-5.82,-46.14,0,2.66,2020-07-25
1006984,East London,ZA,1595731166,71.04,30,-33.02,27.91,0,12.77,2020-07-25
3137469,Sørland,NO,1595731166,53.22,88,67.67,12.69,100,8.23,2020-07-25
2194098,Ahipara,NZ,1595731166,57.88,66,-35.17,173.17,58,8.39,2020-07-25
2091996,Madang,PG,1595731166,85.98,68,-5.22,145.8,100,6.64,2020-07-25
2264557,Ponta do Sol,PT,1595731166,66,77,32.67,-17.1,0,3.71,2020-07-25
7082481,Khuzdar,PK,1595731167,85.08,42,27.74,66.64,41,3.53,2020-07-25
1651531,Ambon City,ID,1595731167,84.2,74,-3.7,128.18,75,8.05,2020-07-25
3163962,Volterra,IT,1595731167,71.01,38,43.4,10.86,47,1.77,2020-07-25
3868626,Valparaíso,CL,1595731167,52,59,-33.04,-71.63,71,14.81,2020-07-25
293842,Kiryat Gat,IL,1595731167,75.99,62,31.61,34.76,0,1.45,2020-07-25
512570,Parfino,RU,1595731167,53.98,97,57.97,31.65,26,2.01,2020-07-25
2017487,Raychikhinsk,RU,1595731167,78.33,74,49.78,129.41,60,4.88,2020-07-25
2171099,Codrington,AU,1595731168,54.28,65,-38.27,141.97,33,0.89,2020-07-25
2930596,Emden,DE,1595731168,63,94,53.37,7.22,100,7,2020-07-25
2520645,Cabra,ES,1595731168,80.01,45,37.47,-4.44,0,1.95,2020-07-25
1856068,Nago,JP,1595731168,84,88,26.59,127.98,40,8.05,2020-07-25
552568,Kardailovo,RU,1595731168,64.06,70,51.54,53.9,24,8.1,2020-07-25
4047434,Russell,US,1595731168,73.4,88,32.35,-85.2,75,4.7,2020-07-25
4018700,Altar,MX,1595731168,89.01,46,30.7,-111.82,20,5.01,2020-07-25
3374083,Bathsheba,BB,1595731168,82.4,78,13.22,-59.52,40,16.11,2020-07-25
1513491,Yangi Marg`ilon,UZ,1595731168,78.8,47,40.43,71.72,26,6.93,2020-07-25
215527,Kabinda,CD,1595731169,63.43,42,-6.13,24.48,62,3.69,2020-07-25
3128760,Barcelona,ES,1595731143,78.01,83,41.39,2.16,20,4.7,2020-07-25
2421273,Faranah,GN,1595731169,69.67,97,10.04,-10.74,100,5.66,2020-07-25
6316343,Alta Floresta,BR,1595731169,71.85,55,-9.88,-56.09,0,2.91,2020-07-25
2173911,Broken Hill,AU,1595731169,55.4,58,-31.95,141.43,0,12.75,2020-07-25
2236967,Soyo,AO,1595731169,70.61,86,-6.13,12.37,52,5.37,2020-07-25
1687894,Santa Rosa,PH,1595731169,87.8,66,14.31,121.11,95,1.12,2020-07-25
933995,Souillac,MU,1595731169,69.8,60,-20.52,57.52,75,13.87,2020-07-25
1529376,Korla,CN,1595731169,88.02,22,41.76,86.15,0,5.68,2020-07-25
2175403,Blackwater,AU,1595731169,72.34,41,-23.58,148.88,51,12.28,2020-07-25
6089245,Norman Wells,CA,1595731170,75.2,36,65.28,-126.83,75,4.7,2020-07-25
2240449,Luanda,AO,1595731170,71.6,88,-8.84,13.23,75,1.12,2020-07-25
2126682,Bilibino,RU,1595731170,81.64,36,68.05,166.44,30,10.27,2020-07-25
2126785,Belaya Gora,RU,1595731170,94.23,21,68.53,146.42,90,10.29,2020-07-25
1855342,Nishihara,JP,1595731170,86,88,26.18,127.76,75,9.17,2020-07-25
1244926,Hambantota,LK,1595731170,77,100,6.12,81.12,90,4.7,2020-07-25
1855540,Naze,JP,1595731170,84.2,94,28.37,129.48,75,12.75,2020-07-25
336454,Ginir,ET,1595731171,55.45,90,7.13,40.7,29,12.08,2020-07-25
3430863,Mar del Plata,AR,1595731017,46,87,-38,-57.56,100,16.11,2020-07-25
4031742,Egvekinot,RU,1595731171,58.14,67,66.32,-179.17,32,6.51,2020-07-25
3388847,São Félix do Xingu,BR,1595731171,71.02,55,-6.64,-51.99,0,1.92,2020-07-25
2132606,Samarai,PG,1595731171,79.29,87,-10.62,150.67,98,16.87,2020-07-25
1786640,Chengzhong,CN,1595731171,78.8,88,30.95,113.55,40,2.24,2020-07-25
1651103,Atambua,ID,1595731171,82.36,47,-9.11,124.89,76,3.53,2020-07-25
4938048,Grafton,US,1595731171,73.4,64,42.21,-71.69,1,5.82,2020-07-25
6050066,La Ronge,CA,1595731172,57.2,93,55.1,-105.28,75,5.82,2020-07-25
6111862,Port Hardy,CA,1595731172,64.4,63,50.7,-127.42,20,9.17,2020-07-25
3423146,Ilulissat,GL,1595731172,44.6,93,69.22,-51.1,100,10.29,2020-07-25
5557293,Sitka,US,1595731172,57.2,93,57.05,-135.33,90,5.82,2020-07-25
6323121,Florianópolis,BR,1595731172,59,67,-27.61,-48.5,75,3.36,2020-07-25
1139715,Jalalabad,AF,1595731172,86,66,34.43,70.45,40,3.36,2020-07-25
3939168,Huarmey,PE,1595731172,60.04,86,-10.07,-78.15,23,7.63,2020-07-25
2112309,Katsuura,JP,1595731172,88,74,35.13,140.3,40,11.41,2020-07-25
2654970,Brae,GB,1595731172,53.6,93,60.4,-1.35,100,10.29,2020-07-25
4031574,Provideniya,RU,1595731173,58.06,62,64.38,-173.3,64,7.63,2020-07-25
2090021,Namatanai,PG,1595731173,85.93,67,-3.67,152.43,65,8.86,2020-07-25
4004293,Ixtapa,MX,1595731173,84.2,79,20.7,-105.2,90,6.93,2020-07-25
3395062,Maués,BR,1595731173,78.01,65,-3.38,-57.72,42,1.52,2020-07-25
2156643,Mount Gambier,AU,1595731173,50,87,-37.83,140.77,67,2.24,2020-07-25
2610343,Vestmanna,FO,1595731173,51.8,81,62.16,-7.17,100,19.46,2020-07-25
1150965,Ranong,TH,1595731173,84.2,94,9.97,98.63,20,2.46,2020-07-25
3380290,Sinnamary,GF,1595731173,78.19,86,5.38,-52.95,57,9.6,2020-07-25
1651810,Airai,TL,1595731173,72.05,51,-8.93,125.41,60,5.48,2020-07-25
3946820,Barranca,PE,1595730874,57.9,91,-10.75,-77.77,33,5.12,2020-07-25
2119283,Zyryanka,RU,1595731174,92.01,27,65.75,150.85,0,16.46,2020-07-25
6454920,Grasse,FR,1595731174,66.2,82,43.67,6.92,7,3.36,2020-07-25
5962442,Goderich,CA,1595731174,73.99,62,43.75,-81.72,87,12.68,2020-07-25
5879400,Anchorage,US,1595731174,64.4,45,61.22,-149.9,40,9.17,2020-07-25
3452179,Quaraí,BR,1595731174,42.98,81,-30.39,-56.45,0,1.81,2020-07-25
3893629,Coquimbo,CL,1595731174,53.6,81,-29.95,-71.34,100,2.24,2020-07-25
3466165,Cidreira,BR,1595731174,50.68,71,-30.18,-50.21,31,11.45,2020-07-25
3412093,Vestmannaeyjar,IS,1595731174,51.19,79,63.44,-20.27,100,2.1,2020-07-25
5110365,Broome,US,1595731175,73.4,69,42.25,-75.83,1,5.82,2020-07-25
149070,Utete,TZ,1595731175,66.04,88,-7.99,38.76,63,2.04,2020-07-25
2246901,Oussouye,SN,1595731175,78.8,94,12.48,-16.55,20,8.32,2020-07-25
1528796,At-Bashi,KG,1595731175,71.15,31,41.17,75.81,11,1.16,2020-07-25
4560349,Philadelphia,US,1595730998,81,74,39.95,-75.16,40,5.82,2020-07-25
525426,Sobolevo,RU,1595731175,55.33,95,54.43,31.9,7,5.91,2020-07-25
6355222,Yulara,AU,1595731175,60.8,44,-25.24,130.99,0,5.82,2020-07-25
5044290,Saint Anthony,US,1595731175,82.4,83,45.02,-93.22,75,8.05,2020-07-25
1794794,Shouguang,CN,1595731175,75.99,78,36.88,118.74,100,9.46,2020-07-25
2092164,Lorengau,PG,1595731176,83.25,75,-2.02,147.27,100,15.86,2020-07-25
1528998,Yumen,CN,1595731176,82.56,18,40.28,97.2,0,3.04,2020-07-25
5275191,Superior,US,1595730973,78.8,94,46.72,-92.1,40,4.7,2020-07-25
1626493,Srandakan,ID,1595731176,81.95,62,-7.94,110.25,64,12.97,2020-07-25
3671497,Puerto Colombia,CO,1595731176,80.6,88,10.99,-74.95,40,5.82,2020-07-25
3137245,Spydeberg,NO,1595731176,59,93,59.62,11.09,100,11.41,2020-07-25
4031637,Lavrentiya,RU,1595731176,53.24,66,65.58,-171,65,6.91,2020-07-25
1805733,Jinchang,CN,1595731176,84.51,16,38.5,102.17,0,17.18,2020-07-25
3664980,Boa Vista,BR,1595731176,78.8,83,2.82,-60.67,20,1.12,2020-07-25
3893726,Constitución,CL,1595731177,48.51,76,-35.33,-72.42,100,3.22,2020-07-25
2953314,Bad Windsheim,DE,1595731177,69.8,60,49.5,10.42,90,6.93,2020-07-25
3460355,Jaciara,BR,1595731177,64.53,60,-15.97,-54.97,0,2.35,2020-07-25
2013459,Verkh-Usugli,RU,1595731177,73.76,68,52.7,115.17,99,3.49,2020-07-25
548097,Kislyakovskaya,RU,1595731177,73.02,33,46.44,39.67,13,13.44,2020-07-25
315202,Eskişehir,TR,1595731177,62.6,82,39.78,30.52,0,8.05,2020-07-25
2396518,Port-Gentil,GA,1595731177,74.59,79,-0.72,8.78,32,10.4,2020-07-25
5849297,Kīhei,US,1595731145,87.8,48,20.79,-156.47,40,24.16,2020-07-25
1279068,Aland,IN,1595731177,77,81,17.57,76.57,21,11.32,2020-07-25
2021799,Konstantinovka,RU,1595731177,86.59,47,49.62,127.98,91,5.3,2020-07-25
3182059,Bibbiena,IT,1595731178,70,79,43.7,11.81,18,1.01,2020-07-25
58933,Garoowe,SO,1595731178,73.4,67,8.41,48.48,27,25.52,2020-07-25
546105,Nikolskoye,RU,1595731178,57,93,59.7,30.79,90,4.47,2020-07-25
6171633,Ucluelet,CA,1595731178,64.4,63,48.93,-125.55,5,11.41,2020-07-25
2409914,Bonthe,SL,1595731178,75.11,86,7.53,-12.51,97,9.86,2020-07-25
2013225,Rechka Vydrino,RU,1595731178,63.18,70,51.48,104.85,1,2.57,2020-07-25
8010683,Porto Santo,PT,1595731178,69.8,77,33.07,-16.34,40,13.87,2020-07-25
3406041,Barroquinha,BR,1595731178,72.27,90,-3.02,-41.14,83,2.37,2020-07-25
4985711,Benton Harbor,US,1595731178,75,83,42.12,-86.45,1,10.25,2020-07-25
5257754,Janesville,US,1595730913,82.4,74,42.68,-89.02,20,5.82,2020-07-25
1213821,Sigli,ID,1595731179,84.43,67,5.38,95.96,83,0.49,2020-07-25
2318921,Wukari,NG,1595731179,71.83,94,7.85,9.78,94,6.76,2020-07-25
53654,Mogadishu,SO,1595731179,76.89,83,2.04,45.34,43,19.04,2020-07-25
1518139,Tobol,KZ,1595731179,64.6,81,52.68,62.58,70,7.87,2020-07-25
338345,Edd,ER,1595731179,89.78,61,13.93,41.69,100,8.5,2020-07-25
3698304,Chimbote,PE,1595731179,59.5,90,-9.09,-78.58,91,6.29,2020-07-25
1528252,Ivanovka,KG,1595731179,73.4,60,42.89,75.08,19,2.24,2020-07-25
2446796,Bilma,NE,1595731179,81.93,54,18.69,12.92,56,11.59,2020-07-25
1510377,Belyy Yar,RU,1595731180,68,68,53.6,91.39,67,11.18,2020-07-25
108410,Riyadh,SA,1595731028,91.4,38,24.69,46.72,0,5.82,2020-07-25
2618795,Klaksvík,FO,1595731180,51.8,81,62.23,-6.59,100,19.46,2020-07-25
469960,Vytegra,RU,1595731180,57.27,91,61.01,36.45,68,7.96,2020-07-25
1270466,Halvad,IN,1595731180,85.12,72,23.02,71.18,97,2.89,2020-07-25
2121025,Srednekolymsk,RU,1595731180,92.62,23,67.45,153.68,0,11.65,2020-07-25
293992,Ofakim,IL,1595731180,62.01,62,31.31,34.62,0,1.16,2020-07-25
3471451,Arraial do Cabo,BR,1595731180,71.6,83,-22.97,-42.03,0,18.34,2020-07-25
2171766,Charlestown,AU,1595731180,60.01,98,-32.95,151.67,100,1.66,2020-07-25
2638534,Sandwick,GB,1595731181,53.6,93,60,-1.25,100,10.29,2020-07-25
3696378,Huaraz,PE,1595731181,53.85,59,-9.53,-77.53,99,5.77,2020-07-25
1328421,Pathein,MM,1595731181,88.74,67,16.78,94.73,97,8.32,2020-07-25
3703938,Natá,PA,1595731040,73.99,85,8.33,-80.52,100,4.61,2020-07-25
1507390,Dikson,RU,1595731181,39.38,91,73.51,80.55,100,15.99,2020-07-25
3393922,Nísia Floresta,BR,1595731181,73.4,94,-6.09,-35.21,75,6.93,2020-07-25
4020109,Atuona,PF,1595731181,79.72,71,-9.8,-139.03,2,21.03,2020-07-25
1683602,Tambilil,PH,1595731181,84.88,69,5.96,124.67,96,4.07,2020-07-25
3424607,Tasiilaq,GL,1595731181,44.6,81,65.61,-37.64,100,9.17,2020-07-25
556268,Ostrovnoy,RU,1595731181,61.83,65,68.05,39.51,69,1.79,2020-07-25
934649,Cap Malheureux,MU,1595731182,70,62,-19.98,57.61,84,11.01,2020-07-25
1506254,Gornyy,RU,1595731182,62.26,84,55.12,83.91,96,8.32,2020-07-25
2509553,Villanueva de la Serena,ES,1595731182,73,49,38.98,-5.8,0,1.99,2020-07-25
3141667,Roald,NO,1595731182,53.6,87,62.58,6.13,99,10.29,2020-07-25
527012,Mikhaylovka,RU,1595731182,57,63,50.06,43.24,0,3,2020-07-25
2134814,Sola,VU,1595731182,80.6,83,-13.88,167.55,90,13.87,2020-07-25
6096551,Pangnirtung,CA,1595731183,49.33,78,66.15,-65.71,10,1.88,2020-07-25
1648759,Bima,ID,1595731183,85.01,52,-8.47,118.72,82,7.2,2020-07-25
2023584,Imeni Poliny Osipenko,RU,1595731183,67.42,57,52.42,136.49,100,3.87,2020-07-25
2152659,Port Macquarie,AU,1595731183,60.8,93,-31.43,152.92,75,9.17,2020-07-25
1224061,Wattegama,LK,1595731183,77,100,6.8,81.48,90,4.7,2020-07-25
5850511,Makaha,US,1595731183,86,69,21.47,-158.22,75,13.87,2020-07-25
2874252,Mainburg,DE,1595731183,62.6,77,48.65,11.78,64,2.24,2020-07-25
7281807,Seddon,AU,1595731183,52,87,-37.81,144.89,90,4.7,2020-07-25
1520327,Osakarovka,KZ,1595731183,60.82,78,50.56,72.57,94,3.69,2020-07-25
380348,Abū Zabad,SD,1595731183,77.25,74,12.35,29.25,100,23.02,2020-07-25
3430443,Necochea,AR,1595731183,46.99,70,-38.55,-58.74,83,13,2020-07-25
1337607,Kudahuvadhoo,MV,1595731184,82.44,71,2.67,72.89,100,7.9,2020-07-25
102527,Sakakah,SA,1595731184,91.4,13,29.97,40.21,0,5.82,2020-07-25
2123814,Leningradskiy,RU,1595731184,52.2,74,69.38,178.42,59,7.05,2020-07-25
2847080,Riedlingen,DE,1595731184,61,77,48.15,9.48,100,2.24,2020-07-25
1735106,George Town,MY,1595731109,82.4,83,5.41,100.34,20,4.7,2020-07-25
3831208,Qaanaaq,GL,1595731184,41.7,66,77.48,-69.36,0,1.97,2020-07-25
5546220,Saint George,US,1595731003,96.8,12,37.1,-113.58,1,9.17,2020-07-25
986717,Kruisfontein,ZA,1595731184,54.41,93,-34,24.73,7,14.92,2020-07-25
286245,Sur,OM,1595731184,87.3,62,22.57,59.53,100,4.7,2020-07-25
2126710,Beringovskiy,RU,1595731185,62.64,64,63.05,179.32,51,5.99,2020-07-25
1529484,Kumul,CN,1595731144,91.74,18,42.8,93.45,0,10.63,2020-07-25
2427697,Moïssala,TD,1595731185,71.91,96,8.34,17.77,95,3.56,2020-07-25
1266475,Kishtwār,IN,1595731185,74.1,64,33.32,75.77,27,3.02,2020-07-25
2184707,Wanaka,NZ,1595731185,46.98,69,-44.7,169.15,99,3.27,2020-07-25
3129839,Aras,ES,1595731185,66.2,68,42.56,-2.36,8,5.82,2020-07-25
780687,Berlevåg,NO,1595731185,58.48,67,70.86,29.09,0,7.38,2020-07-25
72181,Marzuq,YE,1595731185,76.1,69,14.4,46.47,95,5.64,2020-07-25
3919703,Comarapa,BO,1595731186,50.99,85,-17.9,-64.48,100,0.38,2020-07-25
1052373,Beira,MZ,1595731186,65.05,81,-19.84,34.84,66,7.63,2020-07-25
122285,Neyshabur,IR,1595731186,79.75,23,36.21,58.8,0,1.54,2020-07-25
921900,Dzaoudzi,YT,1595731186,75.2,69,-12.79,45.27,90,18.34,2020-07-25
523392,Naryan-Mar,RU,1595731186,66.76,66,67.67,53.09,42,5.88,2020-07-25
486043,Surskoye,RU,1595731186,55.4,86,54.48,46.72,0,3.94,2020-07-25
3095795,Kołobrzeg,PL,1595731186,63,73,54.18,15.58,32,13.2,2020-07-25
1271717,Gāndhīdhām,IN,1595731186,85.62,71,23.08,70.13,100,2.84,2020-07-25
2449893,Tessalit,ML,1595731186,87.73,37,20.2,1.01,95,5.14,2020-07-25
3695675,La Peca,PE,1595731186,67.32,79,-5.61,-78.44,50,3.04,2020-07-25
2017658,Preobrazheniye,RU,1595731187,67.37,72,42.9,133.91,95,15.93,2020-07-25
1082639,Ambatondrazaka,MG,1595731187,54.16,85,-17.83,48.42,27,9.1,2020-07-25
1847947,Shingū,JP,1595731187,73.4,100,33.73,135.98,75,6.93,2020-07-25
286621,Salalah,OM,1595731187,78.8,88,17.02,54.09,40,5.82,2020-07-25
2025099,Dauriya,RU,1595731187,80.04,61,49.93,116.87,100,12.8,2020-07-25
2516507,Huéscar,ES,1595731187,73.99,61,37.81,-2.54,0,1.99,2020-07-25
1852357,Shimoda,JP,1595731187,80.6,94,34.67,138.95,75,3.36,2020-07-25
1734313,Paka,MY,1595731187,86,70,4.64,103.44,20,6.93,2020-07-25
1693150,Polahongon,PH,1595731187,87.48,66,10.53,124.97,55,0.51,2020-07-25
64814,Bandarbeyla,SO,1595731187,78.89,64,9.49,50.81,99,26.24,2020-07-25
3530385,Comalcalco,MX,1595731188,87.8,66,18.27,-93.22,75,11.41,2020-07-25
3358670,Arandis,NA,1595731188,72,24,-22.42,14.97,0,3,2020-07-25
4468261,Goldsboro,US,1595731188,80.6,78,35.38,-77.99,75,5.97,2020-07-25
2425791,Kibala,TD,1595731188,72.05,94,9.11,18.35,98,3.15,2020-07-25
2852577,Porta Westfalica,DE,1595731188,64.4,88,52.24,8.92,100,9.17,2020-07-25
2122262,Palana,RU,1595731188,53.8,75,59.12,159.97,0,10.18,2020-07-25
2174444,Bowen,AU,1595730906,79,69,-20.02,148.23,0,8.05,2020-07-25
4013724,Camargo,MX,1595731188,81.52,49,27.67,-105.17,53,7.09,2020-07-25
2027296,Aykhal,RU,1595731188,41,93,66,111.5,90,11.18,2020-07-25
2155562,Nelson Bay,AU,1595731188,60.01,100,-32.72,152.15,90,5.82,2020-07-25
3985168,San Patricio,MX,1595731189,84.2,83,19.22,-104.7,75,4.76,2020-07-25
3355672,Lüderitz,NA,1595731189,57.2,62,-26.65,15.16,0,2.24,2020-07-25
2282006,San-Pédro,CI,1595731139,73.49,85,4.75,-6.64,50,5.88,2020-07-25
5859699,College,US,1595731189,66.2,52,64.86,-147.8,75,5.82,2020-07-25
352733,Marsá Maţrūḩ,EG,1595731189,69.8,83,31.35,27.25,0,7.52,2020-07-25
2278158,Buchanan,LR,1595731189,75.2,84,5.88,-10.05,96,8.41,2020-07-25
3021262,Arrondissement de Dole,FR,1595731189,68,68,47.08,5.5,100,5.82,2020-07-25
4500920,Brigantine,US,1595731189,77,83,39.41,-74.36,1,4.7,2020-07-25
3860443,Comodoro Rivadavia,AR,1595731189,37.4,86,-45.87,-67.5,40,10.29,2020-07-25
1502422,Kosh-Agach,RU,1595731189,59.52,53,50,88.67,44,1.16,2020-07-25
3406196,Barreirinhas,BR,1595731190,74.91,91,-2.75,-42.83,61,3.62,2020-07-25
714504,Túrkeve,HU,1595731190,64.4,100,47.1,20.75,75,4.7,2020-07-25
2142316,Yeppoon,AU,1595731190,77,47,-23.13,150.73,5,11.41,2020-07-25
2138555,Poum,NC,1595731190,74.32,77,-20.23,164.02,0,15.05,2020-07-25
4898433,Kewanee,US,1595731190,81,84,41.25,-89.92,38,1.99,2020-07-25
3987309,San Diego de la Unión,MX,1595731190,60.01,98,21.47,-100.87,100,3,2020-07-25
5720495,Coos Bay,US,1595730960,64.99,82,43.37,-124.22,1,24.16,2020-07-25
3833859,Tres Arroyos,AR,1595731190,47.66,52,-38.37,-60.28,72,19.71,2020-07-25
3939761,Hualmay,PE,1595731190,59.36,85,-11.1,-77.61,31,8.16,2020-07-25
2191562,Dunedin,NZ,1595731190,53.01,62,-45.87,170.5,51,3,2020-07-25
2447513,Arlit,NE,1595731191,94.78,28,18.74,7.39,81,8.84,2020-07-25
4414200,West Plains,US,1595731082,80.6,74,36.73,-91.85,1,3.36,2020-07-25
2656847,Atherton,GB,1595731191,59,90,53.52,-2.49,71,4,2020-07-25
3416888,Grindavik,IS,1595731191,46.4,87,63.84,-22.43,75,20.8,2020-07-25
3671387,Puerto Nariño,CO,1595731191,71.6,100,-3.77,-70.38,75,3.36,2020-07-25
5392171,San Jose,US,1595731080,78.01,56,37.34,-121.89,40,13.87,2020-07-25
3664301,Envira,BR,1595731191,71.33,96,-7.3,-70.22,100,2.3,2020-07-25
3932145,Pisco,PE,1595731191,62.6,82,-13.7,-76.22,90,4.7,2020-07-25
4231997,Avera,US,1595731191,77,94,33.19,-82.53,1,0.96,2020-07-25
2513703,Moncada,ES,1595731191,75.99,73,39.55,-0.4,0,3.36,2020-07-25
7671223,Kloulklubed,PW,1595731192,84.2,74,7.04,134.26,90,9.17,2020-07-25
609924,Emba,KZ,1595731192,72.27,50,48.83,58.14,39,9.55,2020-07-25
1810637,Ganzhou,CN,1595731192,88.32,71,28.82,115.43,55,3.31,2020-07-25
110690,Faya,SA,1595731192,69.8,56,18.39,42.45,86,3.27,2020-07-25
5919850,Chapais,CA,1595731192,64.4,93,49.78,-74.85,75,5.82,2020-07-25
3348313,Huambo,AO,1595731192,46.31,53,-12.78,15.74,1,3.2,2020-07-25
4172445,Seminole,US,1595731192,81,78,28.71,-81.21,1,4.7,2020-07-25
3675504,Manaure,CO,1595731192,81.9,74,11.78,-72.44,99,10.07,2020-07-25
3839982,Punta Alta,AR,1595731193,49.98,53,-38.88,-62.07,96,14.45,2020-07-25
2164837,Goulburn,AU,1595731193,54,96,-34.75,149.72,100,1.01,2020-07-25
3418910,Upernavik,GL,1595731193,44.13,90,72.79,-56.15,100,21.27,2020-07-25
1816705,Beihai,CN,1595731193,88.02,72,21.48,109.1,97,12.75,2020-07-25
2013865,Ust'-Uda,RU,1595731193,63.19,62,54.17,103.03,100,3.58,2020-07-25
935616,Le Port,RE,1595731193,68,56,-20.94,55.29,75,19.46,2020-07-25
100926,Umluj,SA,1595731193,86.25,63,25.02,37.27,2,2.77,2020-07-25
1491230,Sovetskiy,RU,1595731193,64.31,52,61.36,63.58,6,3.62,2020-07-25
3663693,Jutaí,BR,1595731193,72.21,97,-5.18,-68.9,71,1.9,2020-07-25
1857046,Minoh,JP,1595731194,82.4,83,34.83,135.47,75,3.36,2020-07-25
2012593,Zeya,RU,1595731194,71.71,75,53.75,127.27,100,4.7,2020-07-25
3372783,Ponta Delgada,PT,1595731194,66.2,82,37.73,-25.67,40,3.36,2020-07-25
712775,Bashtanka,UA,1595731194,66.96,57,47.41,32.44,88,6.2,2020-07-25
1279945,Jiuquan,CN,1595731194,84.47,16,39.74,98.52,0,7.61,2020-07-25
1629001,Samarinda,ID,1595731194,82.72,76,-0.5,117.15,99,5.41,2020-07-25
2126199,Cherskiy,RU,1595731194,86.94,25,68.75,161.3,0,13.11,2020-07-25
87205,Darnah,LY,1595731195,76.78,66,32.77,22.64,0,14.52,2020-07-25
2127060,Arman',RU,1595731195,60.22,70,59.7,150.17,71,7.63,2020-07-25
552006,Kashary,RU,1595730906,63.95,61,49.04,41.01,97,9.64,2020-07-25
1516589,Zhezkazgan,KZ,1595731195,68,64,47.8,67.71,98,8.95,2020-07-25
1264514,Māgadi,IN,1595731195,78.01,94,12.97,77.23,75,8.05,2020-07-25
2629833,Husavik,IS,1595731195,46.4,81,66.04,-17.34,90,10.29,2020-07-25
5554428,Ketchikan,US,1595731195,57.2,100,55.34,-131.65,90,17.22,2020-07-25
2109528,Buala,SB,1595731195,79.77,83,-8.14,159.59,100,10.51,2020-07-25
2094342,Kavieng,PG,1595731195,85.98,71,-2.57,150.8,45,13.62,2020-07-25
1737486,Bintulu,MY,1595731085,86,79,3.17,113.03,20,2.24,2020-07-25
296852,Erzin,TR,1595731196,79,90,36.96,36.2,13,0.56,2020-07-25
3115093,Olot,ES,1595731196,69.01,99,42.18,2.49,17,3,2020-07-25
1264976,Leh,IN,1595731196,64.08,38,34.17,77.58,8,4.92,2020-07-25
2018735,Nyurba,RU,1595731196,67.08,58,63.28,118.33,15,12.77,2020-07-25
193627,Karuri,KE,1595731196,51.01,89,-0.7,37.18,19,1.43,2020-07-25
1068971,Antsohihy,MG,1595731196,70.02,57,-14.88,47.99,31,10.11,2020-07-25
3910901,Mairana,BO,1595731196,46.69,54,-18.12,-63.93,100,1.41,2020-07-25
3395981,Maceió,BR,1595731065,71.6,83,-9.67,-35.74,25,3.36,2020-07-25
3628473,San Cristobal,VE,1595731197,64.63,89,7.77,-72.22,67,1.54,2020-07-25
935214,Saint-Pierre,RE,1595731197,60.8,63,-21.34,55.48,20,8.05,2020-07-25
2012956,Yerbogachën,RU,1595731197,64.36,60,61.28,108.01,23,7.38,2020-07-25
3920244,Chulumani,BO,1595731197,58.35,80,-16.41,-67.53,100,0.47,2020-07-25
1337612,Dhidhdhoo,MV,1595731197,81.99,74,6.88,73.1,100,7.74,2020-07-25
2181133,Pareora,NZ,1595731197,53.01,50,-44.49,171.21,59,3,2020-07-25
3576994,Cockburn Town,TC,1595731197,83.01,83,21.46,-71.14,0,18.95,2020-07-25
1490085,Tarko-Sale,RU,1595731198,59.36,65,64.92,77.78,98,10.96,2020-07-25
2077895,Alice Springs,AU,1595731090,59,47,-23.7,133.88,0,13.87,2020-07-25
2013918,Ust-Maya,RU,1595731198,68.85,57,60.42,134.53,100,7.76,2020-07-25
159071,Iringa,TZ,1595731198,59,67,-7.77,35.7,5,6.93,2020-07-25
1490918,Staryy Nadym,RU,1595731198,60.64,71,65.61,72.68,28,12.46,2020-07-25
5563839,Fortuna,US,1595731198,61,72,40.6,-124.16,1,12.75,2020-07-25
1714733,Dingle,PH,1595731199,87.84,67,11,122.67,18,1.95,2020-07-25
1510689,Baykit,RU,1595731199,68.79,47,61.67,96.37,1,3.04,2020-07-25
1524606,Derzhavīnsk,KZ,1595731199,67.6,71,51.1,66.32,37,4.9,2020-07-25
2021041,Kyra,RU,1595731199,67.28,85,49.58,111.98,100,5.28,2020-07-25
3897347,Calama,CL,1595731199,37.4,3,-22.47,-68.93,0,20.8,2020-07-25
2020584,Magistral'nyy,RU,1595731199,73.04,37,56.17,107.45,72,3.33,2020-07-25
3449749,Santa Vitória,BR,1595731199,68.25,43,-18.84,-50.12,0,4.85,2020-07-25
306569,Konya Province,TR,1595731199,62.6,51,38.17,32.5,0,0.65,2020-07-25
103630,Najrān,SA,1595731199,84.2,32,17.49,44.13,100,3.36,2020-07-25
3435038,Dolores,AR,1595731200,42.03,74,-36.31,-57.68,39,8.84,2020-07-25
3466980,Caravelas,BR,1595731200,70.72,90,-17.71,-39.25,9,4.41,2020-07-25
2253354,Dakar,SN,1595731200,80.6,83,14.69,-17.44,20,4.7,2020-07-25
2653144,Chippenham,GB,1595731200,57,94,51.46,-2.12,24,7.34,2020-07-25
1492566,Severo-Yeniseyskiy,RU,1595731200,66.65,59,60.37,93.04,5,0.81,2020-07-25
5379524,Orange,US,1595731158,75.99,68,33.7,-117.77,20,6.93,2020-07-25
5983720,Iqaluit,CA,1595731200,44.6,87,63.75,-68.51,40,3.36,2020-07-25
4297983,Lexington,US,1595731092,80.6,61,37.99,-84.48,1,3.36,2020-07-25
2455290,Kidal,ML,1595731200,86.77,45,18.44,1.41,29,4.34,2020-07-25
4944903,Nantucket,US,1595731201,71.6,94,41.28,-70.1,1,8.05,2020-07-25
4946620,Palmer,US,1595730966,73.99,88,42.16,-72.33,40,2.21,2020-07-25
2738381,Lata,PT,1595731201,63,92,40.16,-8.33,71,3.42,2020-07-25
2362344,Bobo-Dioulasso,BF,1595731201,71.19,93,11.18,-4.3,100,5.37,2020-07-25
2659422,Nyon,CH,1595731135,73.4,43,46.38,6.24,100,11.41,2020-07-25
1636544,Manado,ID,1595731201,84.2,70,1.49,124.85,20,8.05,2020-07-25
1078553,Ampanihy,MG,1595731202,52.3,86,-24.7,44.75,0,6.42,2020-07-25
3474574,Palmas,BR,1595731010,69.8,73,-10.21,-48.36,0,5.82,2020-07-25
2328113,Otukpo,NG,1595731202,70.12,99,7.19,8.13,100,2.84,2020-07-25
1835848,Seoul,KR,1595730992,82.4,57,37.57,126.98,90,4.27,2020-07-25
1520316,Oskemen,KZ,1595731202,75.2,57,49.96,82.61,20,6.71,2020-07-25
374739,Gogrial,SS,1595731202,69.08,92,8.53,28.1,100,4.85,2020-07-25
415189,Aden,YE,1595731202,83.66,77,12.78,45.04,100,3.36,2020-07-25
2964492,Dunmore East,IE,1595731202,55,87,52.15,-6.99,10,1.99,2020-07-25
3924679,Vilhena,BR,1595731203,64.29,58,-12.74,-60.15,0,3.65,2020-07-25
1276328,Bhadrāchalam,IN,1595731203,83.55,80,17.67,80.88,0,1.21,2020-07-25
3456146,Nova Londrina,BR,1595731203,58.69,71,-22.77,-52.98,96,5.14,2020-07-25
6149996,Smithers,CA,1595731203,64.4,63,54.78,-127.17,90,10.29,2020-07-25
1261901,Nānpāra,IN,1595731203,80.01,87,27.87,81.5,47,3.51,2020-07-25
2219235,Ubari,LY,1595731204,76.23,25,26.59,12.78,0,8.97,2020-07-25
327651,Teseney,ER,1595731204,75.07,77,15.11,36.66,95,9.22,2020-07-25
2444219,Gouré,NE,1595731204,81,73,13.98,10.27,98,4,2020-07-25
88533,Awjilah,LY,1595731204,75.7,42,29.11,21.29,0,5.79,2020-07-25
2172797,Cairns,AU,1595730906,82,47,-16.92,145.77,0,3.36,2020-07-25
893549,Chipinge,ZW,1595731204,44.89,98,-20.19,32.62,1,2.73,2020-07-25
3839307,Rawson,AR,1595731204,47.17,69,-43.3,-65.1,0,13.06,2020-07-25
686090,Asău,RO,1595731204,60.01,91,46.43,26.4,100,1.25,2020-07-25
1842966,Gijang,KR,1595731204,80.6,61,35.24,129.21,20,9.17,2020-07-25
2356228,Réo,BF,1595731205,79.23,74,12.32,-2.47,100,9.17,2020-07-25
1526041,Atasū,KZ,1595731205,65.59,69,48.68,71.64,7,6.2,2020-07-25
3928679,Sicuani,PE,1595731205,44.22,65,-14.27,-71.23,55,3.04,2020-07-25
1488903,Turukhansk,RU,1595731205,60.03,61,65.82,87.98,83,6.67,2020-07-25
2146219,Hervey Bay,AU,1595731205,72,70,-25.3,152.85,5,8.01,2020-07-25
902344,Nakambala,ZM,1595731205,48.9,89,-15.83,27.78,2,4.94,2020-07-25
2063036,Port Lincoln,AU,1595731205,59.09,73,-34.73,135.87,100,11.3,2020-07-25
1214724,Langsa,ID,1595731196,87.82,64,4.47,97.97,82,1.03,2020-07-25
5641727,Bozeman,US,1595731205,78.8,34,45.68,-111.04,90,8.05,2020-07-25
933077,Shakawe,BW,1595731206,46.98,66,-18.37,21.85,0,5.21,2020-07-25
2649169,Kinlochleven,GB,1595731206,55,93,56.71,-4.97,63,1.01,2020-07-25
2303611,Esim,GH,1595731206,74.34,88,4.87,-2.24,50,7.58,2020-07-25
1726449,Basco,PH,1595731206,85.12,77,20.45,121.97,100,9.78,2020-07-25
1622318,Waingapu,ID,1595731206,82.53,53,-9.66,120.26,78,15.7,2020-07-25
1504317,Kartaly,RU,1595731206,60.03,90,53.05,60.65,100,7.47,2020-07-25
3386177,Trairi,BR,1595731207,77.79,81,-3.28,-39.27,63,10.47,2020-07-25
464790,Zapolyarnyy,RU,1595731207,59,67,69.42,30.81,0,6.93,2020-07-25
8079926,Labuhan,ID,1595731207,80.6,63,-6.88,112.21,100,5.5,2020-07-25
3393692,Itarema,BR,1595731207,77.31,81,-2.92,-39.92,81,12.53,2020-07-25
2269142,Colares,PT,1595731207,66,97,38.8,-9.45,2,23,2020-07-25
2088122,Port Moresby,PG,1595731207,87.8,66,-9.44,147.18,40,17.22,2020-07-25
902721,Mwense,ZM,1595731207,52.29,85,-10.38,28.7,74,3.98,2020-07-25
5969025,Haines Junction,CA,1595731207,58.93,50,60.75,-137.51,62,11.81,2020-07-25
89113,Ajdabiya,LY,1595731207,69.51,86,30.76,20.23,0,3.62,2020-07-25
1794209,Simao,CN,1595731207,75.96,81,22.79,100.97,100,2.66,2020-07-25
4791259,Virginia Beach,US,1595730983,81,78,36.85,-75.98,75,3.36,2020-07-25
2036933,Helong,CN,1595731208,77.11,51,42.54,129,49,5.82,2020-07-25
3420846,Qaqortoq,GL,1595731208,46.4,93,60.72,-46.03,100,3.02,2020-07-25
5379439,Ontario,US,1595731208,82.4,42,34.06,-117.65,20,11.41,2020-07-25
1235846,Matara,LK,1595731208,80.49,82,5.95,80.54,92,14.09,2020-07-25
1282898,Pokhara,NP,1595730961,77.38,80,28.23,83.98,100,2.35,2020-07-25
3372472,Vila Franca do Campo,PT,1595731208,66.2,82,37.72,-25.43,40,3.36,2020-07-25
5742974,North Bend,US,1595731151,64.99,82,43.41,-124.22,1,24.16,2020-07-25
3465769,Conceição da Barra,BR,1595731208,69.84,90,-18.59,-39.73,21,3.24,2020-07-25
1065158,Farafangana,MG,1595731208,62.91,73,-22.82,47.83,4,7.34,2020-07-25
3419842,Sisimiut,GL,1595731209,45.48,93,66.94,-53.67,100,13.58,2020-07-25
3386213,Touros,BR,1595731209,71.6,94,-5.2,-35.46,75,6.93,2020-07-25
782843,Këlcyrë,AL,1595731209,64.99,81,40.31,20.19,0,2.55,2020-07-25
2028462,Ulaanbaatar,MN,1595731101,64.4,77,47.91,106.88,75,8.95,2020-07-25
1684245,Tagusao,PH,1595731209,85.5,65,9.19,117.81,12,3.49,2020-07-25
2158767,Mareeba,AU,1595731209,82.99,53,-17,145.43,0,5.01,2020-07-25
3036364,Aubière,FR,1595731209,69.8,60,45.75,3.11,99,3,2020-07-25
3457107,Mirandopólis,BR,1595731210,63.57,74,-21.13,-51.1,7,5.41,2020-07-25
1037125,Montepuez,MZ,1595731210,62.82,66,-13.13,39,94,8.48,2020-07-25
3473267,Abaeté,BR,1595731210,62.26,63,-19.16,-45.45,0,2.42,2020-07-25
2036069,Linjiang,CN,1595731210,88.75,48,41.81,126.91,4,1.57,2020-07-25
2189343,Kaeo,NZ,1595731210,61,3,-35.1,173.78,91,7,2020-07-25
4734350,Stephenville,US,1595731210,82,69,32.22,-98.2,40,9.17,2020-07-25
3690654,Yurimaguas,PE,1595731211,72.1,96,-5.9,-76.08,73,1.16,2020-07-25
3899539,Antofagasta,CL,1595731211,51.8,87,-23.65,-70.4,20,1.12,2020-07-25
157429,Kilindoni,TZ,1595731211,76.75,72,-7.91,39.67,54,21.25,2020-07-25
3928867,Sayán,PE,1595731211,59.77,62,-11.14,-77.19,4,1.5,2020-07-25
3672086,Pizarro,CO,1595731211,76.96,89,4.95,-77.37,100,5.14,2020-07-25
616224,Shirak,AM,1595731211,62.6,77,40.84,43.92,19,5.82,2020-07-25
2653915,Campbeltown,GB,1595731211,57.2,93,55.43,-5.61,21,6.93,2020-07-25
3421765,Nanortalik,GL,1595731211,43.3,88,60.14,-45.24,95,2.95,2020-07-25
3661980,Tarauacá,BR,1595731211,72.16,96,-8.16,-70.77,100,2.51,2020-07-25
524901,Moscow,RU,1595731185,59,87,55.75,37.62,100,4.47,2020-07-25
779554,Honningsvåg,NO,1595731212,57.65,68,70.98,25.97,0,14.61,2020-07-25
2173125,Burnie,AU,1595731212,52,62,-41.07,145.92,0,5.01,2020-07-25
2757220,Den Helder,NL,1595731212,63,88,52.96,4.76,75,12.75,2020-07-25
5882953,Aklavik,CA,1595731212,60.8,67,68.22,-135.01,90,6.93,2020-07-25
2537881,Safi,MA,1595731212,69.82,93,32.3,-9.24,25,6.69,2020-07-25
2065594,Mount Isa,AU,1595731212,69.8,22,-20.73,139.5,0,16.11,2020-07-25
3522728,Niltepec,MX,1595731212,78.28,81,16.57,-94.62,100,3.22,2020-07-25
150689,Poli,TZ,1595731213,51.33,97,-3.33,36.8,34,3.85,2020-07-25
2012530,Zhigansk,RU,1595731213,58.66,68,66.77,123.37,100,22.06,2020-07-25
3491355,Black River,JM,1595731213,84.2,70,18.03,-77.85,20,2.24,2020-07-25
616062,Ranchpar,AM,1595731213,69.8,68,40.03,44.37,0,3.36,2020-07-25
4033077,Vaitape,PF,1595731214,79.05,77,-16.52,-151.75,22,15.55,2020-07-25
2111704,Namie,JP,1595731214,77,95,37.48,141,100,4.38,2020-07-25
2037252,Genhe,CN,1595731214,86.41,40,50.78,121.52,99,4.32,2020-07-25
494366,Shimsk,RU,1595731214,54.1,96,58.21,30.71,47,2.08,2020-07-25
2367990,Aného,TG,1595731214,77,83,6.23,1.6,75,11.41,2020-07-25
1651591,Amahai,ID,1595731214,78.12,85,-3.33,128.92,100,9.86,2020-07-25
1627877,Sembakung,ID,1595731214,90.66,56,3.82,117.25,79,2.37,2020-07-25
4328254,Iberia,US,1595731214,78.8,88,29.95,-91.75,40,4.7,2020-07-25
1142226,Dawlatabad,AF,1595731214,88.25,15,36.41,64.91,0,5.03,2020-07-25
1791121,Changde,CN,1595731215,77.38,88,29.05,111.68,100,5.77,2020-07-25
1502862,Kolpashevo,RU,1595731215,65.01,57,58.31,82.91,20,5.57,2020-07-25
3919998,Cobija,BO,1595731215,67.98,95,-11.03,-68.77,100,5.35,2020-07-25
1005781,Elliot,ZA,1595731215,42.26,59,-31.33,27.85,0,8.01,2020-07-25
2958975,Aichach,DE,1595731215,64,82,48.46,11.13,82,4.7,2020-07-25
3356213,Khorixas,NA,1595731215,55.8,38,-20.37,14.97,0,8.86,2020-07-25
3892454,Diego de Almagro,CL,1595731215,48.49,51,-26.37,-70.05,0,1.57,2020-07-25
733722,Ahtopol,BG,1595731215,68,88,42.1,27.95,0,5.82,2020-07-25
1525376,Bestöbe,KZ,1595731216,66.97,56,52.5,73.1,83,10.11,2020-07-25
209598,Manono,CD,1595731216,66.69,48,-7.3,27.42,0,8.75,2020-07-25
